"chr","DNAsequence","RNAsequence","incell","invitro","motif","UNUAR","UGUAG"
"UBE2J2_chr1_1254957","CCTGTCCTGGCCACGGGCCGCTGGGGCTGGTGTGGGTGGGCCTTGTGTGCTGGATTTGTAGCTTATCTTCCGTGTTGTCTTTGGACCTGTTTTAGTAAACCCGTTTTTCATTTTATT","CCUGUCCUGGCCACGGGCCGCUGGGGCUGGUGUGGGUGGGCCUUGUGUGCUGGAUUUGUAGCUUAUCUUCCGUGUUGUCUUUGGACCUGUUUUAGUAAACCCGUUUUUCAUUUUAUU",1,1,"TGTAG",1,1
"HP1BP3_chr1_20744168","TCATTAGATTTTGAAGATATATGACTCCTTTGGGCTACATTTCATATTGATCAATTTCTAGGTATTTTTCACTGGCCCAAAGTATTGCATTCCCTTAACAGCAAGCACAAGTTCTCT","UCAUUAGAUUUUGAAGAUAUAUGACUCCUUUGGGCUACAUUUCAUAUUGAUCAAUUUCUAGGUAUUUUUCACUGGCCCAAAGUAUUGCAUUCCCUUAACAGCAAGCACAAGUUCUCU",1,1,"TCTAG",1,0
"EIF4G3_chr1_20853590","AACAGATTCTCTGCCCTGCAACCTCCAGCACCCTCAGGGTCCACGCCATCCACGCCTGTAGAGTTTGATTCCCGAAGGACCTTAACTAGGTGAGAACCCTGCTTTTTATGTCTACTC","AACAGAUUCUCUGCCCUGCAACCUCCAGCACCCUCAGGGUCCACGCCAUCCACGCCUGUAGAGUUUGAUUCCCGAAGGACCUUAACUAGGUGAGAACCCUGCUUUUUAUGUCUACUC",1,1,"TGTAG",1,1
"USP48_chr1_21728564","AGCAAAACACGAAGAGGTTAAGGAGCTGTACCAAAGGTTACCTGCTGGAGCTGGTCTGTAAGATATTCTGGGACAGCACTGTTGCCATTAAGTGCCTTGTTTTTTTATGTTCACAAA","AGCAAAACACGAAGAGGUUAAGGAGCUGUACCAAAGGUUACCUGCUGGAGCUGGUCUGUAAGAUAUUCUGGGACAGCACUGUUGCCAUUAAGUGCCUUGUUUUUUUAUGUUCACAAA",1,1,"TGTAA",1,0
"CDC42_chr1_22092496","TAGATTTGCAGCTCAGTAGTATATGGTGTTCCTAGAATGCAGCTGAAGACCTGTTATGTAGAGGAAATACGAGGGGTGGTGCTAGAAGACAGACATCTGTGGAATGATTCACATCCT","UAGAUUUGCAGCUCAGUAGUAUAUGGUGUUCCUAGAAUGCAGCUGAAGACCUGUUAUGUAGAGGAAAUACGAGGGGUGGUGCUAGAAGACAGACAUCUGUGGAAUGAUUCACAUCCU",1,1,"TGTAG",1,1
"TMEM222_chr1_27335748","TGACTCCGGCCCTGGAAGCCCCTTTGTTCTTCTGTTGAAAGGCTTTGGCTTCCCGCTGTAGAGCTGCTCCCGCCACCACCTGCTGGGGTCCTGCCTCAGCCCAGTGCCCAGTATGGG","UGACUCCGGCCCUGGAAGCCCCUUUGUUCUUCUGUUGAAAGGCUUUGGCUUCCCGCUGUAGAGCUGCUCCCGCCACCACCUGCUGGGGUCCUGCCUCAGCCCAGUGCCCAGUAUGGG",1,1,"TGTAG",1,1
"PHACTR4_chr1_28496623","GGAATCAACATGGCTGCTTTGCTGCTTCCTTCTCCAAAGTGACATATGGAGGGAACTTTAGCACTTCCCAGCACAGCCAGAATTGCATCCTCTGGGATCTTCTGAGGTGGACAGCAC","GGAAUCAACAUGGCUGCUUUGCUGCUUCCUUCUCCAAAGUGACAUAUGGAGGGAACUUUAGCACUUCCCAGCACAGCCAGAAUUGCAUCCUCUGGGAUCUUCUGAGGUGGACAGCAC",1,1,"TTTAG",1,0
"RIMS3_chr1_40622675","TGGTTGCCTCTAGCACTGTGCAAACTCTGCAAGAAATTGCTGCCTTTGCTTGATGTTGTAGATGAGTTGCCCTCCACCTGGCTGGAGAGATGGCACATCATTCAGGGCCAGAAGGTT","UGGUUGCCUCUAGCACUGUGCAAACUCUGCAAGAAAUUGCUGCCUUUGCUUGAUGUUGUAGAUGAGUUGCCCUCCACCUGGCUGGAGAGAUGGCACAUCAUUCAGGGCCAGAAGGUU",1,1,"TGTAG",1,1
"OSBPL9,NRDC_chr1_51791640","CACCTGAGCTCATATAACTTTTCTCTCTGGCTTGTAGGTACCATGTCTACCCTACCTGTAGGAACACATCCGGGATTCTAGGATTTTCTGTCACTGTGGGGACTCAGGCAACCAAAT","CACCUGAGCUCAUAUAACUUUUCUCUCUGGCUUGUAGGUACCAUGUCUACCCUACCUGUAGGAACACAUCCGGGAUUCUAGGAUUUUCUGUCACUGUGGGGACUCAGGCAACCAAAU",1,1,"TGTAG",1,1
"DHCR24_chr1_54851248","AGGGGCTGGGGAGTGGACAGCATCAGGTGGGAAAGTGGAGTCCACCCTCATGTTTCTGTAGGATTCTCACCGTGGGGCTGGAAGAAAAGAGCATCGACTTGATTTCTCCAACCACTC","AGGGGCUGGGGAGUGGACAGCAUCAGGUGGGAAAGUGGAGUCCACCCUCAUGUUUCUGUAGGAUUCUCACCGUGGGGCUGGAAGAAAAGAGCAUCGACUUGAUUUCUCCAACCACUC",1,1,"TGTAG",1,1
"FAM72D_chr1_145103018","TGGCTAGTTATTACATGGTATCTAGTAACATTTACTTTCTTTTCTAGTGGGAACATTGTAGGTTATCATGTGATTGTTCCATGTAGTTCCTGTCTTCTTTCCTGCAACAACAGACAC","UGGCUAGUUAUUACAUGGUAUCUAGUAACAUUUACUUUCUUUUCUAGUGGGAACAUUGUAGGUUAUCAUGUGAUUGUUCCAUGUAGUUCCUGUCUUCUUUCCUGCAACAACAGACAC",1,1,"TGTAG",1,1
"MRPS21_chr1_150294195","CTATGCGAGGATTTGGACTGGCAGTGAGAATAAGAGACAACGATTCACGTCTACTTTCTAGGATGACTTCCATGTGCTCCATCTCGCGCGTCCCTGAGCATGTTGAATTTCCAAATC","CUAUGCGAGGAUUUGGACUGGCAGUGAGAAUAAGAGACAACGAUUCACGUCUACUUUCUAGGAUGACUUCCAUGUGCUCCAUCUCGCGCGUCCCUGAGCAUGUUGAAUUUCCAAAUC",1,1,"TCTAG",1,0
"ENSA_chr1_150622412","AGGTATGAGGGGAAGGAAGTGGAGTAGCCTAATGAAAAGGGGTTCTAGTTGAGCTCTGTAGATAAATGCCTTGTTTCAGTGTGGTTGGAGACCTGGTGTCAGATAAAAGAAACTCCA","AGGUAUGAGGGGAAGGAAGUGGAGUAGCCUAAUGAAAAGGGGUUCUAGUUGAGCUCUGUAGAUAAAUGCCUUGUUUCAGUGUGGUUGGAGACCUGGUGUCAGAUAAAAGAAACUCCA",1,1,"TGTAG",1,1
"ENSA_chr1_150625493","CTCAGCTTGCTAGCCAGAAATGACTGTGATTCTGCTGGGGGCTGCTGAGAAGGTAATGTAGGTTGAAAAGGGGCTCTAAGTTTATTTATTTCGTTAGATTGACACTTCCACACACTC","CUCAGCUUGCUAGCCAGAAAUGACUGUGAUUCUGCUGGGGGCUGCUGAGAAGGUAAUGUAGGUUGAAAAGGGGCUCUAAGUUUAUUUAUUUCGUUAGAUUGACACUUCCACACACUC",1,1,"TGTAG",1,1
"POGZ_chr1_151424066","GTACCAGAACCAAATGAGAACGTGGGCGATGCCGTCCAGACCAAACTCATTATGCTTGTAGATGACTTCTACTATGGACGGGATGGTGGCAAAGTAGCCCAGCTCACAAATTTCCCT","GUACCAGAACCAAAUGAGAACGUGGGCGAUGCCGUCCAGACCAAACUCAUUAUGCUUGUAGAUGACUUCUACUAUGGACGGGAUGGUGGCAAAGUAGCCCAGCUCACAAAUUUCCCU",1,1,"TGTAG",1,1
"FAM20B_chr1_179054636","CTTCGGACAGAGATCAAACCTGTCGCCACAGAGCAGCTGTTGAGCACCTTCCTAACTGTAGGTAAGAAGATTGTAGAGGACATTTATATAGGGGAATGATTAATAAGTTAAAATGGG","CUUCGGACAGAGAUCAAACCUGUCGCCACAGAGCAGCUGUUGAGCACCUUCCUAACUGUAGGUAAGAAGAUUGUAGAGGACAUUUAUAUAGGGGAAUGAUUAAUAAGUUAAAAUGGG",1,1,"TGTAG",1,1
"TSEN15_chr1_184054755","CATTATTGTCCATTCAATGATGCTCTTTCAGGCAAAAGCTGGCATGAAGTAAACTGTGTAGGATTACCAGAACTCCAGCTCATCTGCCTTGTTGGTACTGAGATAGAAGGGGAGGGG","CAUUAUUGUCCAUUCAAUGAUGCUCUUUCAGGCAAAAGCUGGCAUGAAGUAAACUGUGUAGGAUUACCAGAACUCCAGCUCAUCUGCCUUGUUGGUACUGAGAUAGAAGGGGAGGGG",1,1,"TGTAG",1,1
"PPP1R12B_chr1_202587327","ACTTGGAGCCGAGGGTGCTTTAGAGAGGTGGTTTTCCATGAATCAGCCAAGATTCCTGTAGAAGTTGGGTATACCAACCACCACCACCACCGCCCCCTATTCCAGTTTCAAAGCTCC","ACUUGGAGCCGAGGGUGCUUUAGAGAGGUGGUUUUCCAUGAAUCAGCCAAGAUUCCUGUAGAAGUUGGGUAUACCAACCACCACCACCACCGCCCCCUAUUCCAGUUUCAAAGCUCC",1,1,"TGTAG",1,1
"TATDN3_chr1_212807781","TCATTTTTGAAAGGTGCTGAGAAGGTACTGCTGCATGCATTTGATGGTCGGCCATCTGTAGCCATGGAAGGAGTAAGAGCTGGGTACTTCTTCTCAATTCCCCCTTCTATCATAAGA","UCAUUUUUGAAAGGUGCUGAGAAGGUACUGCUGCAUGCAUUUGAUGGUCGGCCAUCUGUAGCCAUGGAAGGAGUAAGAGCUGGGUACUUCUUCUCAAUUCCCCCUUCUAUCAUAAGA",1,1,"TGTAG",1,1
"IBA57_chr1_228178936","CAAGGCAGGGCAGATGTGCGGCTGGCCAGCTGGAGTGATTTCCATGGGCTCCAAGCTGTAGGAGTGGTCCCTGGCTGCCAGAGTGCTCTGGCCAGATAGAGGTGGGCTCTGGACTGG","CAAGGCAGGGCAGAUGUGCGGCUGGCCAGCUGGAGUGAUUUCCAUGGGCUCCAAGCUGUAGGAGUGGUCCCUGGCUGCCAGAGUGCUCUGGCCAGAUAGAGGUGGGCUCUGGACUGG",1,1,"TGTAG",1,1
"DESI2_chr1_244708364","TGGGGTTTTTTTTTAAACCCTTACAAGGGGAGCATCAGCTTTGGAAAGTGTGACTCTGTAGGAGTGTAGAAGGCAGTGGTGTATGATCTTAGCCTCGTCCTGATGCCTGAATCCAGC","UGGGGUUUUUUUUUAAACCCUUACAAGGGGAGCAUCAGCUUUGGAAAGUGUGACUCUGUAGGAGUGUAGAAGGCAGUGGUGUAUGAUCUUAGCCUCGUCCUGAUGCCUGAAUCCAGC",1,1,"TGTAG",1,1
"SH3BP5L_chr1_248824868","CTCAGACAGGTTCCAGGAGGGCGGGAGACCCCACAGGGGGAGCTGCGGCCTGAAGTTGTAGAGGATGAAGTCCCTAGGAGCCCAGTCGCAGAAGAGCCTGGAGGAGGTGGAAGCAGC","CUCAGACAGGUUCCAGGAGGGCGGGAGACCCCACAGGGGGAGCUGCGGCCUGAAGUUGUAGAGGAUGAAGUCCCUAGGAGCCCAGUCGCAGAAGAGCCUGGAGGAGGUGGAAGCAGC",1,1,"TGTAG",1,1
"GHITM_chr10_84141542","CCTGGTGCACCACCACCATGTTGGCTGCAAGGCTGGTGTGTCTCCGGACACTACCTTCTAGGGTTTTCCACCCAGCTTTCACCAAGGCCTCCCCTGTTGTGAAGAATTCCATCACGA","CCUGGUGCACCACCACCAUGUUGGCUGCAAGGCUGGUGUGUCUCCGGACACUACCUUCUAGGGUUUUCCACCCAGCUUUCACCAAGGCCUCCCCUGUUGUGAAGAAUUCCAUCACGA",1,1,"TCTAG",1,0
"PDCD11_chr10_103425426","CATGTGGTTGTGACTCTGGAAGATGGCATTATTGGCTGTATCCATGCCTCCCACATTCTAGATGATGTTCCAGAGGGCACCTCTCCTACTACCAAGCTGAAGGTTGGGAAGACGGTC","CAUGUGGUUGUGACUCUGGAAGAUGGCAUUAUUGGCUGUAUCCAUGCCUCCCACAUUCUAGAUGAUGUUCCAGAGGGCACCUCUCCUACUACCAAGCUGAAGGUUGGGAAGACGGUC",1,1,"TCTAG",1,0
"STIM1_chr11_4092507","TTGGGAATGGGTTGGGAGAGGCATCTGTTCATTGGAGCATGAGTGGATGCCAGAACTGTAGGTTATAAGGCAGTCACTTTTTCTCTCTACTCCCACCCACACCTGCCTCCCTCTTAC","UUGGGAAUGGGUUGGGAGAGGCAUCUGUUCAUUGGAGCAUGAGUGGAUGCCAGAACUGUAGGUUAUAAGGCAGUCACUUUUUCUCUCUACUCCCACCCACACCUGCCUCCCUCUUAC",1,1,"TGTAG",1,1
"TPP1_chr11_6617081","CGTTTTCCCCCAACATCATCCCTGAGGCAACGTCCTGAGCCGCAGGTGACAGGGACTGTAGGCCTGCATCTGGGGGTAACCCCCTCTGTGATCCGTAAGCGATACAACTTGACCTCA","CGUUUUCCCCCAACAUCAUCCCUGAGGCAACGUCCUGAGCCGCAGGUGACAGGGACUGUAGGCCUGCAUCUGGGGGUAACCCCCUCUGUGAUCCGUAAGCGAUACAACUUGACCUCA",1,1,"TGTAG",1,1
"EIF3F_chr11_7996052","CACTCAATGAAAAACTTGTAAACCTGTGAATGGACCCCAAGCAGTACACTTGCTGGTCTAGGTATTAACCCCAGGACTCAGAAGTGAAGGAGAAATGGGTTTTTTGTGGTCTTGAGT","CACUCAAUGAAAAACUUGUAAACCUGUGAAUGGACCCCAAGCAGUACACUUGCUGGUCUAGGUAUUAACCCCAGGACUCAGAAGUGAAGGAGAAAUGGGUUUUUUGUGGUCUUGAGU",1,1,"TCTAG",1,0
"TNKS1BP1_chr11_57312681","CCGTGACCCTAGCCCGGGCTGAGACCACCCAAGCCAGGACAGAGGCTCAAGACTTGTGTAGGGCATCCCCCGAGCCTCCAGGCCCTGAAAGCAGCTCCCGCTGGCTGGACGACCTCC","CCGUGACCCUAGCCCGGGCUGAGACCACCCAAGCCAGGACAGAGGCUCAAGACUUGUGUAGGGCAUCCCCCGAGCCUCCAGGCCCUGAAAGCAGCUCCCGCUGGCUGGACGACCUCC",1,1,"TGTAG",1,1
"TMEM109_chr11_60923252","CCCTCTCCACCAGGGTACCCTGTCTTGGTGGTTAGGGGCCACTTTTCCTTTGAGGCTCTAGTGGAGGTGGATGTCCTTCTCTGCCAGGCTTGGCACATGATGTGAAGAATAAATGCC","CCCUCUCCACCAGGGUACCCUGUCUUGGUGGUUAGGGGCCACUUUUCCUUUGAGGCUCUAGUGGAGGUGGAUGUCCUUCUCUGCCAGGCUUGGCACAUGAUGUGAAGAAUAAAUGCC",1,1,"TCTAG",1,0
"ZFTA_chr11_63762387","GCCCTGTGTGGCAGGGATGGGGCCCCGCGATCTCCCAGGCAGGTCCGAGAGGGATGTGTAGATTCATTCTCCTGTGGAGAACAGGTGGCCCCGAGATCAGGCCCTTTTTTGCTCTTT","GCCCUGUGUGGCAGGGAUGGGGCCCCGCGAUCUCCCAGGCAGGUCCGAGAGGGAUGUGUAGAUUCAUUCUCCUGUGGAGAACAGGUGGCCCCGAGAUCAGGCCCUUUUUUGCUCUUU",1,1,"TGTAG",1,1
"MALAT1,TALAM1_chr11_65503351_2","CCCTTCCCTAGGGGATTTCAGGATTGAGAAATTTTTCCATCGAGCCTTTTTAAAATTGTAGGACTTGTTCCTGTGGGCTTCAGTGATGGGATAGTACACTTCACTCAGAGGCATTTG","CCCUUCCCUAGGGGAUUUCAGGAUUGAGAAAUUUUUCCAUCGAGCCUUUUUAAAAUUGUAGGACUUGUUCCUGUGGGCUUCAGUGAUGGGAUAGUACACUUCACUCAGAGGCAUUUG",1,1,"TGTAG",1,1
"MALAT1,TALAM1_chr11_65503351_1","CCCTTCCCTAGGGGATTTCAGGATTGAGAAATTTTTCCATCGAGCCTTTTTAAAATTGTAGGACTTGTTCCTGTGGGCTTCAGTGATGGGATAGTACACTTCACTCAGAGGCATTTG","CCCUUCCCUAGGGGAUUUCAGGAUUGAGAAAUUUUUCCAUCGAGCCUUUUUAAAAUUGUAGGACUUGUUCCUGUGGGCUUCAGUGAUGGGAUAGUACACUUCACUCAGAGGCAUUUG",1,1,"TGTAG",1,1
"MRE11_chr11_94417979","ATTTGCTCTTGGAGGCTTTGGGAGAGCAGGAATGAAAACATTCAGAGGAAGACATCTGTAGGGAATTCTTCTGTTACTTACCAAAGAATAAGTGTCTTTCTGGTGTTTTATTTCCTA","AUUUGCUCUUGGAGGCUUUGGGAGAGCAGGAAUGAAAACAUUCAGAGGAAGACAUCUGUAGGGAAUUCUUCUGUUACUUACCAAAGAAUAAGUGUCUUUCUGGUGUUUUAUUUCCUA",1,1,"TGTAG",1,1
"PAFAH1B2_chr11_117167797","GATCAGTTCTATCACTGGCACTACAGAATCCTTCTCTTTCTTAAGGCACTTTGCATTGTAGAATGTTCCTGGATGTTCATATCTAGTGTTTGAAGGGGAGGAGGGATTTAAACTGGT","GAUCAGUUCUAUCACUGGCACUACAGAAUCCUUCUCUUUCUUAAGGCACUUUGCAUUGUAGAAUGUUCCUGGAUGUUCAUAUCUAGUGUUUGAAGGGGAGGAGGGAUUUAAACUGGU",1,1,"TGTAG",1,1
"NCAPD2_chr12_6495089","AGGTCTTGAATATAGACCCTGACTTTTTCACTGTTTGGTTTCTAGCCCTGTGAGCCTGTAGGAGTAGAATGGCTCCCCAAATGTATGAGTTCCATCTGCCATTATCCCCAGAGGAGT","AGGUCUUGAAUAUAGACCCUGACUUUUUCACUGUUUGGUUUCUAGCCCUGUGAGCCUGUAGGAGUAGAAUGGCUCCCCAAAUGUAUGAGUUCCAUCUGCCAUUAUCCCCAGAGGAGU",1,1,"TGTAG",1,1
"A2M_chr12_9108862","CAGATCATTTACCTGACCTTGCATGCTTACTGGAAAAATCACTTAGATTCAGAATTTGTAGAGATAGGCATACAACTGAAATCTCATCTAACTCACTAGTCCACCTAAGGCGGGTCT","CAGAUCAUUUACCUGACCUUGCAUGCUUACUGGAAAAAUCACUUAGAUUCAGAAUUUGUAGAGAUAGGCAUACAACUGAAAUCUCAUCUAACUCACUAGUCCACCUAAGGCGGGUCU",1,1,"TGTAG",1,1
"RECQL_chr12_21501357","AGGGTGTGCGCTTTTTGTTTCATCCTTCCCTTTCCTGCTGCAGGGCGAGGCCGGTCTGTAGCGGATCACTTCCTTTCGCCCACACATTGGCGGAGGAGAAACCGGAAAGTTAATCAC","AGGGUGUGCGCUUUUUGUUUCAUCCUUCCCUUUCCUGCUGCAGGGCGAGGCCGGUCUGUAGCGGAUCACUUCCUUUCGCCCACACAUUGGCGGAGGAGAAACCGGAAAGUUAAUCAC",1,1,"TGTAG",1,1
"ARF3_chr12_48938164","CATTTTCCTTGTACTCTTCTCTCCACCCTTCTTAGGGCTGGAGGATGGCATTTATCTCTAGATGACTGTTCCCAAGGAGATGCCACTCTGCTCTGCCTTACTGTTGGGAAGGAGAGA","CAUUUUCCUUGUACUCUUCUCUCCACCCUUCUUAGGGCUGGAGGAUGGCAUUUAUCUCUAGAUGACUGUUCCCAAGGAGAUGCCACUCUGCUCUGCCUUACUGUUGGGAAGGAGAGA",1,1,"TCTAG",1,0
"SLC11A2_chr12_50990886","TGGCGGATTGCAGGAGGAATCTTGGTCCTTATCATCTGTTCCATCAATATGTACTTTGTAGTGGTTTATGTCCGGGACCTAGGGCATGTGGCATTATATGTGGTGGCTGCTGTGGTC","UGGCGGAUUGCAGGAGGAAUCUUGGUCCUUAUCAUCUGUUCCAUCAAUAUGUACUUUGUAGUGGUUUAUGUCCGGGACCUAGGGCAUGUGGCAUUAUAUGUGGUGGCUGCUGUGGUC",1,1,"TGTAG",1,1
"CTDSP2_chr12_57820227","TTCAGCCAGGGAAGAGGAGGCCAGAGGTCGGGCCAGCTGCCCCATTCTTTTAACGTTGTAGGGCCTGCCCATGGAGCGGACCCTCCTCTTTGGGCCTCGTGAGCTTTTTTGCTTATC","UUCAGCCAGGGAAGAGGAGGCCAGAGGUCGGGCCAGCUGCCCCAUUCUUUUAACGUUGUAGGGCCUGCCCAUGGAGCGGACCCUCCUCUUUGGGCCUCGUGAGCUUUUUUGCUUAUC",1,1,"TGTAG",1,1
"LTA4H_chr12_96035551","CTCTCTCCCTCCTCCTCAGGTTCTCTATCGACGAGTCTGGTAGCTGAGCGTTGGGCTGTAGGTCGCTGTGCTGTGTGATCCCCCAGAGCCATGCCCGAGATAGTGGATACCTGTTCG","CUCUCUCCCUCCUCCUCAGGUUCUCUAUCGACGAGUCUGGUAGCUGAGCGUUGGGCUGUAGGUCGCUGUGCUGUGUGAUCCCCCAGAGCCAUGCCCGAGAUAGUGGAUACCUGUUCG",1,1,"TGTAG",1,1
"TMPO_chr12_98534200","TGTGAAGCTGCATTTGATGAAGTGAAGATGGCTGCCCATACCATGGGAAATGCCACTGTAGGTCGTCGATACCTCTGGCTGAAGGATTGCAAAATTAATTTAGCTTCTAAGAATAAG","UGUGAAGCUGCAUUUGAUGAAGUGAAGAUGGCUGCCCAUACCAUGGGAAAUGCCACUGUAGGUCGUCGAUACCUCUGGCUGAAGGAUUGCAAAAUUAAUUUAGCUUCUAAGAAUAAG",1,1,"TGTAG",1,1
"PAH_chr12_102852230","TACAAATCCAAAAAGACCTGTTCCAAATGGACATAGCACATACAGTGTTAAATAAATGTAGGTTTTCTTCCCTCACTGCTGTCCACCTCCAGACTAACAGAAGAGCAGCACTGTTTT","UACAAAUCCAAAAAGACCUGUUCCAAAUGGACAUAGCACAUACAGUGUUAAAUAAAUGUAGGUUUUCUUCCCUCACUGCUGUCCACCUCCAGACUAACAGAAGAGCAGCACUGUUUU",1,1,"TGTAG",1,1
"TXNRD1_chr12_104348936","ATCCATGCAAGGTGTCTTGTTGCATGGAAGGGATAGTTTGGCTCCCTTGGAGGCTATGTAGGCTTGTCCCGGGAAAGAGAACTGTCCTGCAGCTGAAATGGACTGTTCTTTACTGAC","AUCCAUGCAAGGUGUCUUGUUGCAUGGAAGGGAUAGUUUGGCUCCCUUGGAGGCUAUGUAGGCUUGUCCCGGGAAAGAGAACUGUCCUGCAGCUGAAAUGGACUGUUCUUUACUGAC",1,1,"TGTAG",1,1
"KNTC1_chr12_122551455","TGTTAAATTTTACGTATTAATATTAAAAGACAAGCGCATTTATAGTTAAAATTTTTTCTAGATTGTCTGAAGACTCAGTCTCTGTGTTAGTACTCAGATGTCTTACGGAAGCTTTAC","UGUUAAAUUUUACGUAUUAAUAUUAAAAGACAAGCGCAUUUAUAGUUAAAAUUUUUUCUAGAUUGUCUGAAGACUCAGUCUCUGUGUUAGUACUCAGAUGUCUUACGGAAGCUUUAC",1,1,"TCTAG",1,0
"BRI3BP,THRIL_chr12_125025556","AAACCCCAAACCCCAAACAATCTTAATAAACACGACTGAGCAAGAAAGTGGCGCTGTGTAGGGCTATTTCCACCCACCCGGCAGCTCTTAGGACACATTCCCAGAAGAGCGGAAAGA","AAACCCCAAACCCCAAACAAUCUUAAUAAACACGACUGAGCAAGAAAGUGGCGCUGUGUAGGGCUAUUUCCACCCACCCGGCAGCUCUUAGGACACAUUCCCAGAAGAGCGGAAAGA",1,1,"TGTAG",1,1
"EP400_chr12_132032038","AGGCGGATTTTTTGTGCCATTCTCTCCACTCACAGCCGTACCACAGGTATAAACCTTGTAGAGGCGGACACCGTCGTGTTTTATGACAATGACCTGAATCCAGTGATGGATGCCAAA","AGGCGGAUUUUUUGUGCCAUUCUCUCCACUCACAGCCGUACCACAGGUAUAAACCUUGUAGAGGCGGACACCGUCGUGUUUUAUGACAAUGACCUGAAUCCAGUGAUGGAUGCCAAA",1,1,"TGTAG",1,1
"DUXAP9_chr14_19106902","TTTTCACCAGGAGTAAATTTCATCTCACAAAACCACTTTCCAGGCTCTTTCTGGACTGTAGAGTTCTTTCCAGGCTACCTTGTGGCAGTTTAAGAGTCTGGCATCATTTTCCGCTGG","UUUUCACCAGGAGUAAAUUUCAUCUCACAAAACCACUUUCCAGGCUCUUUCUGGACUGUAGAGUUCUUUCCAGGCUACCUUGUGGCAGUUUAAGAGUCUGGCAUCAUUUUCCGCUGG",1,1,"TGTAG",1,1
"BCL2L2,BCL2L2-PABPN1_chr14_23307820","GCCCGGATGGCGACCCCAGCCTCGGCCCCAGACACACGGGCTCTGGTGGCAGACTTTGTAGGTTATAAGCTGAGGCAGAAGGGTTATGTCTGTGGAGCTGGCCCCGGGGAGGGCCCA","GCCCGGAUGGCGACCCCAGCCUCGGCCCCAGACACACGGGCUCUGGUGGCAGACUUUGUAGGUUAUAAGCUGAGGCAGAAGGGUUAUGUCUGUGGAGCUGGCCCCGGGGAGGGCCCA",1,1,"TGTAG",1,1
"SMOC1_chr14_70032218","ACTGGCCCCACTTTCAGGCCTGGAGGAAGCATGCACACATGGAGACGGCGCCTGCCTGTAGATGTTTGGATCTTCGAGATCTCCCCAGGCATCTTGTCTCCCACAGGATCGTGTGTG","ACUGGCCCCACUUUCAGGCCUGGAGGAAGCAUGCACACAUGGAGACGGCGCCUGCCUGUAGAUGUUUGGAUCUUCGAGAUCUCCCCAGGCAUCUUGUCUCCCACAGGAUCGUGUGUG",1,1,"TGTAG",1,1
"ABCD4_chr14_74286532","GTGGCCTCCTCTGCCAGCGGCCAGGGCAGCCTGATCTCCATGTGGTGGTGGTCTCTTGTAGTTTCATTCCTTGGTTCTGAAACTCTGTGGAGGAGGAAGATGGGAGCTGATGAGAAT","GUGGCCUCCUCUGCCAGCGGCCAGGGCAGCCUGAUCUCCAUGUGGUGGUGGUCUCUUGUAGUUUCAUUCCUUGGUUCUGAAACUCUGUGGAGGAGGAAGAUGGGAGCUGAUGAGAAU",1,1,"TGTAG",1,1
"EIF5_chr14_103342863","GCCTAGGTTTCAAATTCTTTGCCGCAAGGCTGATCTGCTTTCATTAACTGGAATTCTGTAGGAGATACTGGTGACCTAAGCTAAGTTGCACTCAGCATACTCAGTGTCAAGCTAATG","GCCUAGGUUUCAAAUUCUUUGCCGCAAGGCUGAUCUGCUUUCAUUAACUGGAAUUCUGUAGGAGAUACUGGUGACCUAAGCUAAGUUGCACUCAGCAUACUCAGUGUCAAGCUAAUG",1,1,"TGTAG",1,1
"KLC1_chr14_103685740","GGCGCCTCCCGCAGCTTCCCTTCTCTCTCCAGTGCTGCCCGCTGTGTCTAGCAGCCTCTAGGATCTTGTCAGAGCTGCACCTCTCTGTGAACTGGCCATTCCTTTCGGTGCTGCTGT","GGCGCCUCCCGCAGCUUCCCUUCUCUCUCCAGUGCUGCCCGCUGUGUCUAGCAGCCUCUAGGAUCUUGUCAGAGCUGCACCUCUCUGUGAACUGGCCAUUCCUUUCGGUGCUGCUGU",1,1,"TCTAG",1,0
"CHP1_chr15_41280156","GGGTGGAGATACCCTTTTTGAAAGGTGGCCTTGGTGAGAGGTATGGAGCCAAGTCTTCTAGGTTGCTTGCCCACATCACTCTATCTCTGGCCTCTGATTCTCAACTTTGTACCTGTG","GGGUGGAGAUACCCUUUUUGAAAGGUGGCCUUGGUGAGAGGUAUGGAGCCAAGUCUUCUAGGUUGCUUGCCCACAUCACUCUAUCUCUGGCCUCUGAUUCUCAACUUUGUACCUGUG",1,1,"TCTAG",1,0
"SMAD3_chr15_67193224","TATTAAAACACTTTTTTAAAGGACAGTTGAAAAGGGCAAGAGGAAACCAGGGCAGTTCTAGAGGAGTGCTGGTGACTGGATAGCAGTTTTAAGTGGCGTTCACCTAGTCAACACGAC","UAUUAAAACACUUUUUUAAAGGACAGUUGAAAAGGGCAAGAGGAAACCAGGGCAGUUCUAGAGGAGUGCUGGUGACUGGAUAGCAGUUUUAAGUGGCGUUCACCUAGUCAACACGAC",1,1,"TCTAG",1,0
"HEXA_chr15_72344047","TCTGTGAGCAGGAGTTTGAACAGACCTGAGCCCCAGGCACCGAGGAGGGTGCTGGCTGTAGGTGAATGGTAGTGGAGCCAGGCTTCCACTGCATCCTGGCCAGGGGACGGAGCCCCT","UCUGUGAGCAGGAGUUUGAACAGACCUGAGCCCCAGGCACCGAGGAGGGUGCUGGCUGUAGGUGAAUGGUAGUGGAGCCAGGCUUCCACUGCAUCCUGGCCAGGGGACGGAGCCCCU",1,1,"TGTAG",1,1
"TRAF7_chr16_2171583","AAAAGAGGACCCTGCGCCACCCTCAAGCCCGCCCTTTGCCTCCACAGCACACGTTCTGTAGGAGATGCGCCTTGAAGTCAGGTAGGTTTGTGCCCCGGCCCAGGCCTGACGCCGACC","AAAAGAGGACCCUGCGCCACCCUCAAGCCCGCCCUUUGCCUCCACAGCACACGUUCUGUAGGAGAUGCGCCUUGAAGUCAGGUAGGUUUGUGCCCCGGCCCAGGCCUGACGCCGACC",1,1,"TGTAG",1,1
"GSPT1_chr16_11910693","GAAGTTGCACAGCGTGAAAAGACAGCAATTTCAGTTTGAACAAGTTAAGGAAGTAATGTAGACGACAAAGTTTAAGCCTTGATTTGCTTGCTTTGGTTTGCTGGGGAAGAAATGTCT","GAAGUUGCACAGCGUGAAAAGACAGCAAUUUCAGUUUGAACAAGUUAAGGAAGUAAUGUAGACGACAAAGUUUAAGCCUUGAUUUGCUUGCUUUGGUUUGCUGGGGAAGAAAUGUCU",1,1,"TGTAG",1,1
"NOMO2_chr16_18524555","GGAATTGCTCAGTGTAATAGATGCCATTCTCTGAAAATTACTTTTGATTTCCTGTCTGTAGGTGTGTACAAAGTGACCCCTCGCTCCTGCCACCGGTTTGAGCAAGCGTTCTACACC","GGAAUUGCUCAGUGUAAUAGAUGCCAUUCUCUGAAAAUUACUUUUGAUUUCCUGUCUGUAGGUGUGUACAAAGUGACCCCUCGCUCCUGCCACCGGUUUGAGCAAGCGUUCUACACC",1,1,"TGTAG",1,1
"SMG1_chr16_18829331","ACACTGCCTGGAAGAAGCATGACTTGGTGCGAAGGCTAGAAACCAGTATTTCTTCTTGTAAGACAAGCCTGCAGCGGGTTCAGCTGCATATTGCCATGTTTCAGGTAAGTGTTTTTG","ACACUGCCUGGAAGAAGCAUGACUUGGUGCGAAGGCUAGAAACCAGUAUUUCUUCUUGUAAGACAAGCCUGCAGCGGGUUCAGCUGCAUAUUGCCAUGUUUCAGGUAAGUGUUUUUG",1,1,"TGTAA",1,0
"UBFD1_chr16_23573342","TGGCCGTCTCTTAGACATTGGACACCTCTCAGAGCCTCCTGAGGGCTTCTTTGTCTTCTAGAATCTCTACCGGTGGTCCTCCTGCAGGTTCTGGCTCACAGACATCATCATGCCTTT","UGGCCGUCUCUUAGACAUUGGACACCUCUCAGAGCCUCCUGAGGGCUUCUUUGUCUUCUAGAAUCUCUACCGGUGGUCCUCCUGCAGGUUCUGGCUCACAGACAUCAUCAUGCCUUU",1,1,"TCTAG",1,0
"CLUHP3_chr16_31707321","CTTCCCACCCTCCACTGACTGCCATGGGGCCCTCCCCTGAGCACATGGTGCCCAACTGTAGCCCTTCTAGGGCAGGGGCTCATTGGCAGCACTTGCAGCTTGCTGGCACTTAAAAGT","CUUCCCACCCUCCACUGACUGCCAUGGGGCCCUCCCCUGAGCACAUGGUGCCCAACUGUAGCCCUUCUAGGGCAGGGGCUCAUUGGCAGCACUUGCAGCUUGCUGGCACUUAAAAGU",1,1,"TGTAG",1,1
"SHBG_chr17_7631689","CTGGACAAACAGGCCGAGATCTCAGCATCTGCCCCCACTAGCCTCAGAAGCTGTGATGTAGAATCAAATCCCGGGATATTTCTCCCTCCAGGGACTCAGGCAGAATTCAATCTCCGA","CUGGACAAACAGGCCGAGAUCUCAGCAUCUGCCCCCACUAGCCUCAGAAGCUGUGAUGUAGAAUCAAAUCCCGGGAUAUUUCUCCCUCCAGGGACUCAGGCAGAAUUCAAUCUCCGA",1,1,"TGTAG",1,1
"DRG2_chr17_18107480","GGCTCGGTTGGAGGCATTTCCCATAAGACTGAGCCCTCTCATGGGGGTTTTGAGTTTGTAGTGCTGAGCCTGCATCTGTGCCTCCCAGCCCCCTGCACTGAGGGAGCAAGTTGCCCA","GGCUCGGUUGGAGGCAUUUCCCAUAAGACUGAGCCCUCUCAUGGGGGUUUUGAGUUUGUAGUGCUGAGCCUGCAUCUGUGCCUCCCAGCCCCCUGCACUGAGGGAGCAAGUUGCCCA",1,1,"TGTAG",1,1
"SARM1,VTN_chr17_28367371","TCCCTACCCACGCTCCATCGCTCAGTACTGGCTGGGCTGCCCAGCTCCTGGCCATCTGTAGGAGTCAGAGCCCACATGGCCGGGCCCTCTGTAGCTCCCTCCTCCCATCTCCTTCCC","UCCCUACCCACGCUCCAUCGCUCAGUACUGGCUGGGCUGCCCAGCUCCUGGCCAUCUGUAGGAGUCAGAGCCCACAUGGCCGGGCCCUCUGUAGCUCCCUCCUCCCAUCUCCUUCCC",1,1,"TGTAG",1,1
"AP2B1_chr17_35724705","TCCTACAAAGGAGAAAGATAAAAGGCACAAAGGTTACCGCCAAGGCCCGTCAGCTGTGTAGTGGCAAAGCCGAGACCGAGTCTCCTAAGTCCCCGTCAGTGTGGTTTTCACCACAGG","UCCUACAAAGGAGAAAGAUAAAAGGCACAAAGGUUACCGCCAAGGCCCGUCAGCUGUGUAGUGGCAAAGCCGAGACCGAGUCUCCUAAGUCCCCGUCAGUGUGGUUUUCACCACAGG",1,1,"TGTAG",1,1
"NPEPPS,KPNB1-DT_chr17_47605358","GACTAGGTTAATTTATGTTTTTTCCTATCCCAGGCTCGAGCTGGAATCATTAGCACTGTAGAGGTTCTAAAAGTCATGGAGGCTTTTGTGAATGAGCCCAATTATACTGTATGGAGC","GACUAGGUUAAUUUAUGUUUUUUCCUAUCCCAGGCUCGAGCUGGAAUCAUUAGCACUGUAGAGGUUCUAAAAGUCAUGGAGGCUUUUGUGAAUGAGCCCAAUUAUACUGUAUGGAGC",1,1,"TGTAG",1,1
"IGF2BP1_chr17_49043468","CTCATCTTTCTTCCCCAGCTGCAGTCTCACCTGATCCCTGGCCTGAACCTGGCTGCTGTAGGTCTTTTCCCAGCTTCATCCAGCGCAGTCCCGCCGCCTCCCAGCAGCGTTACTGGG","CUCAUCUUUCUUCCCCAGCUGCAGUCUCACCUGAUCCCUGGCCUGAACCUGGCUGCUGUAGGUCUUUUCCCAGCUUCAUCCAGCGCAGUCCCGCCGCCUCCCAGCAGCGUUACUGGG",1,1,"TGTAG",1,1
"AKAP1_chr17_57112506","CCTCTTACAGTGATTGTATGTCCTGCCCCCATCCGCTATTTAGGCTCTCAACATCATGTAGACAAAGCGCTGAACTTGATTGGGAAGAAGTTCAAAGAGCTGAACCTCACCAATATC","CCUCUUACAGUGAUUGUAUGUCCUGCCCCCAUCCGCUAUUUAGGCUCUCAACAUCAUGUAGACAAAGCGCUGAACUUGAUUGGGAAGAAGUUCAAAGAGCUGAACCUCACCAAUAUC",1,1,"TGTAG",1,1
"SNHG16,MXRA7_chr17_76680662","ATCAGGACTTGTCCCTTGGCTAGCAGGATCCTGGGAACACCTTTGGCCCTGCCCTGTGTAGAGATGTTCATGTCTGTTCCTGTGGGTCACTTTGTTAAGCTGAAGAGTTTTAAGAGG","AUCAGGACUUGUCCCUUGGCUAGCAGGAUCCUGGGAACACCUUUGGCCCUGCCCUGUGUAGAGAUGUUCAUGUCUGUUCCUGUGGGUCACUUUGUUAAGCUGAAGAGUUUUAAGAGG",1,1,"TGTAG",1,1
"GAA_chr17_80104560","CGTGAGTGCCGCCCCTCCCGCCTCCCTGCTGAGCCCGCTTTCTTCTCCCGCAGGCCTGTAGGAGCTGTCCAGGCCATCTCCAACCATGGGAGTGAGGCACCCGCCCTGCTCCCACCG","CGUGAGUGCCGCCCCUCCCGCCUCCCUGCUGAGCCCGCUUUCUUCUCCCGCAGGCCUGUAGGAGCUGUCCAGGCCAUCUCCAACCAUGGGAGUGAGGCACCCGCCCUGCUCCCACCG",1,1,"TGTAG",1,1
"MAPRE2_chr18_35141260","TCCAAAGAGGGTATGGTTAGGTACGGGTCTTCCTGCCTCATTCCTCTTCCTCTTTGTGTAGGTTTCAGCCACAAAACTGTCATTCACTCTAGGGGACCCCTACTAAAGGGTAACTTC","UCCAAAGAGGGUAUGGUUAGGUACGGGUCUUCCUGCCUCAUUCCUCUUCCUCUUUGUGUAGGUUUCAGCCACAAAACUGUCAUUCACUCUAGGGGACCCCUACUAAAGGGUAACUUC",1,1,"TGTAG",1,1
"ELP2_chr18_36178148","AACAAGCTGCCCTCCCCAACTCCCTCCTTCCTGTTTCTCCCTCCTCGGCACCCACTTCTAGGATTAACAGGCAGGGAGACGGGAGAGCCCAGCTCTGGGTACAGTTGGGCCACAGCA","AACAAGCUGCCCUCCCCAACUCCCUCCUUCCUGUUUCUCCCUCCUCGGCACCCACUUCUAGGAUUAACAGGCAGGGAGACGGGAGAGCCCAGCUCUGGGUACAGUUGGGCCACAGCA",1,1,"TCTAG",1,0
"GNG7_chr19_2514817","CCCCTCTCCCCGCCAAAAAAGGCGTTCCCACCGCCCGGATGGGGTAGAATGGACCTTGTAGGTGGAGATGAATTTTCAGGTCCGACCCCATGGCCCTCTCAGTTTGGGCCAAAAGGG","CCCCUCUCCCCGCCAAAAAAGGCGUUCCCACCGCCCGGAUGGGGUAGAAUGGACCUUGUAGGUGGAGAUGAAUUUUCAGGUCCGACCCCAUGGCCCUCUCAGUUUGGGCCAAAAGGG",1,1,"TGTAG",1,1
"CLPP_chr19_6368667","CTGGTCCACCCTCCCCAGGACGGTGAGGATGAGCCCACGCTGGTGCAGAAGGAGCCTGTAGAAGCAGCGCCGGCAGCAGAACCTGTCCCAGCTAGCACCTGAGAGCTGGGCCTCCTC","CUGGUCCACCCUCCCCAGGACGGUGAGGAUGAGCCCACGCUGGUGCAGAAGGAGCCUGUAGAAGCAGCGCCGGCAGCAGAACCUGUCCCAGCUAGCACCUGAGAGCUGGGCCUCCUC",1,1,"TGTAG",1,1
"UPF1_chr19_18867744","ATTACCGCGTTCTGTGTGAAGGGACTGAGGGTGTGGTGTCATTGGCAGAGGGTCATTTTAGGAGAGCTGCCCCAGCCCCTCGAACGCCTGGCTTGGGGTGTCATTCTGCCTGGCGGC","AUUACCGCGUUCUGUGUGAAGGGACUGAGGGUGUGGUGUCAUUGGCAGAGGGUCAUUUUAGGAGAGCUGCCCCAGCCCCUCGAACGCCUGGCUUGGGGUGUCAUUCUGCCUGGCGGC",1,1,"TTTAG",1,0
"ATP13A1_chr19_19654662","GCTGTTCCCCGACCTTGCAGAGACGGGAAGGAGGTGACCCCAGTGTCCAGCATCCCTGTAGAAACACACCGGGCCCTGGCCTCGTGCCACTCGCTCATGCAGCTGGACGACGGCACC","GCUGUUCCCCGACCUUGCAGAGACGGGAAGGAGGUGACCCCAGUGUCCAGCAUCCCUGUAGAAACACACCGGGCCCUGGCCUCGUGCCACUCGCUCAUGCAGCUGGACGACGGCACC",1,1,"TGTAG",1,1
"USF2_chr19_35279516","CCTGCCCATCCGTCTGTCTGTCGCCCTTCTCCCGGCCCTCACTAAGCCCCGGCACTTCTAGTGGTCTCACCTGGAGGCAAGAGGGAGGGGACAGAGGCCCTGCCACGTCCCGCTGCC","CCUGCCCAUCCGUCUGUCUGUCGCCCUUCUCCCGGCCCUCACUAAGCCCCGGCACUUCUAGUGGUCUCACCUGGAGGCAAGAGGGAGGGGACAGAGGCCCUGCCACGUCCCGCUGCC",1,1,"TCTAG",1,0
"EML4_chr2_42329888","ATGAGCATCATTCAGTGGAAACTTGTGGAAAAGTTATCTTTGCCTCAGAATGAGACTGTAGCGGATACTACTCTAACCAAAGCCCCCGTCTCTTCCACTGAAAGTGTCATCCAATCT","AUGAGCAUCAUUCAGUGGAAACUUGUGGAAAAGUUAUCUUUGCCUCAGAAUGAGACUGUAGCGGAUACUACUCUAACCAAAGCCCCCGUCUCUUCCACUGAAAGUGUCAUCCAAUCU",1,1,"TGTAG",1,1
"MSH6,FBXO11_chr2_47799525","GATGTAGAAAGATGGCACATATATCCAAGTATGATAGAGTGGTGAGGAGGGAGATCTGTAGGATCATTACCAAGGGTACACAGACTTACAGTGTGCTGGAAGGTGATCCCTCTGAGA","GAUGUAGAAAGAUGGCACAUAUAUCCAAGUAUGAUAGAGUGGUGAGGAGGGAGAUCUGUAGGAUCAUUACCAAGGGUACACAGACUUACAGUGUGCUGGAAGGUGAUCCCUCUGAGA",1,1,"TGTAG",1,1
"CCT7_chr2_73252776","ATGGTGCGGATCAATGCGCTGACAGCAGCCTCTGAGGCTGCGTGCCTGATCGTGTCTGTAGATGAAACCATCAAGAACCCCCGCTCGACTGTGGATGCTCCCACAGCAGCAGGCCGG","AUGGUGCGGAUCAAUGCGCUGACAGCAGCCUCUGAGGCUGCGUGCCUGAUCGUGUCUGUAGAUGAAACCAUCAAGAACCCCCGCUCGACUGUGGAUGCUCCCACAGCAGCAGGCCGG",1,1,"TGTAG",1,1
"MTHFD2_chr2_74207794","TCAATTTCAGAGGAAGAATTGTTGAATTTAATCAATAAACTGAATAATGATGATAATGTAGATGGCCTCCTTGTTCAGTTGCCTCTTCCAGGTGAGTTTTGGACTCCATTTAACATG","UCAAUUUCAGAGGAAGAAUUGUUGAAUUUAAUCAAUAAACUGAAUAAUGAUGAUAAUGUAGAUGGCCUCCUUGUUCAGUUGCCUCUUCCAGGUGAGUUUUGGACUCCAUUUAACAUG",1,1,"TGTAG",1,1
"DCTN1_chr2_74378181","AGCGGCAGCAGGATGAGTGCGGAGGCAAGCGCCCGGCCTCTGCGGGTGGGCTCCCGTGTAGAGGTGATTGGAAAAGGCCACCGAGGCACTGTGGCCTATGTTGGAGCCACACTGTTT","AGCGGCAGCAGGAUGAGUGCGGAGGCAAGCGCCCGGCCUCUGCGGGUGGGCUCCCGUGUAGAGGUGAUUGGAAAAGGCCACCGAGGCACUGUGGCCUAUGUUGGAGCCACACUGUUU",1,1,"TGTAG",1,1
"CHMP3_chr2_86504704","ACTAATCAGGCAGGAAAAAAGCCCAGCCACTGTCTCACAGATTGTTTTTTGTATATTGTAGCAAAATCCTGAAACAATGGGGTCCTTCCAGTCTCATCATACAAAATGGCAATCTTG","ACUAAUCAGGCAGGAAAAAAGCCCAGCCACUGUCUCACAGAUUGUUUUUUGUAUAUUGUAGCAAAAUCCUGAAACAAUGGGGUCCUUCCAGUCUCAUCAUACAAAAUGGCAAUCUUG",1,1,"TGTAG",1,1
"SNRNP200_chr2_96274949","TGAGGCATTTACTTTTGGGTAAAGGAGAGTTGAGCCTGAATTAGGAATGTGTACATTGTAGGAATCCTGGTTGTGGGGACCAGGTCTGTGGGCCTCAGGTCTGGCCAGCCAGGGCTG","UGAGGCAUUUACUUUUGGGUAAAGGAGAGUUGAGCCUGAAUUAGGAAUGUGUACAUUGUAGGAAUCCUGGUUGUGGGGACCAGGUCUGUGGGCCUCAGGUCUGGCCAGCCAGGGCUG",1,1,"TGTAG",1,1
"CCNT2_chr2_134955283","CAGAGTCCATCACTAATCTAAAACAAAGGTGGCACTTTTTTATGTTAACCTTAAACTCTAGGCCTTACTGGAAGCCACTGATAGGGGACACTTCACTACCAGATGTGTGCAGTGCAA","CAGAGUCCAUCACUAAUCUAAAACAAAGGUGGCACUUUUUUAUGUUAACCUUAAACUCUAGGCCUUACUGGAAGCCACUGAUAGGGGACACUUCACUACCAGAUGUGUGCAGUGCAA",1,1,"TCTAG",1,0
"NDUFB3_chr2_201085563","TTTTCTGATGTATTCTTTAAAGGATTCAAATGGGGATTTGCTGCATTTGTGGTAGCTGTAGGAGCTGAATATTACCTGGAGTCCCTGAATAAAGATAAGAAGCATCACTGAAGATAA","UUUUCUGAUGUAUUCUUUAAAGGAUUCAAAUGGGGAUUUGCUGCAUUUGUGGUAGCUGUAGGAGCUGAAUAUUACCUGGAGUCCCUGAAUAAAGAUAAGAAGCAUCACUGAAGAUAA",1,1,"TGTAG",1,1
"STRADB_chr2_201480244","TCATTTTATGTCCTATATACTTGACACTTTCTCCTTGCTGCTTTTTCTTCTGTATTTCTAGGTACAAATACCAGAATTATACTTGAAAATACAGTTGGTGCACTGGAGAATCTATTA","UCAUUUUAUGUCCUAUAUACUUGACACUUUCUCCUUGCUGCUUUUUCUUCUGUAUUUCUAGGUACAAAUACCAGAAUUAUACUUGAAAAUACAGUUGGUGCACUGGAGAAUCUAUUA",1,1,"TCTAG",1,0
"KAT14_chr20_18159113","AATCATTTTTAAATTCTTGGACTCTTTAGGAAAAAGACGTCTACCTGGTGGAGCACCGTGGCAGGTTGCCTCAGCGTGGGAAGTCCCATGTACTTCCGTTCAGGTGCTCAGGAATTT","AAUCAUUUUUAAAUUCUUGGACUCUUUAGGAAAAAGACGUCUACCUGGUGGAGCACCGUGGCAGGUUGCCUCAGCGUGGGAAGUCCCAUGUACUUCCGUUCAGGUGCUCAGGAAUUU",1,1,"CGTGG",0,0
"KIF3B_chr20_32333997","GAATGTCGTGCTGTCACCAGAAAGCTGCTGTTTTGGGTTCTGCATTGAGCCAAATATGTAGAGGACCTACCAAGCCCACTGAGGGACTAGGTTTTCATGTCTCTAGTCATACCTAGA","GAAUGUCGUGCUGUCACCAGAAAGCUGCUGUUUUGGGUUCUGCAUUGAGCCAAAUAUGUAGAGGACCUACCAAGCCCACUGAGGGACUAGGUUUUCAUGUCUCUAGUCAUACCUAGA",1,1,"TGTAG",1,1
"ZNF74_chr22_20405560","CAGAGGAGTCAGGCTGCGCCCTGGGCGCCCGCACCTGCCATGGTCTGGGACGTCCCTGTAGAGGAATTCCCCCTCAGGTGTCCCCTCTTCGCCCAGCAACGCGTTCCCGAGGGGGGA","CAGAGGAGUCAGGCUGCGCCCUGGGCGCCCGCACCUGCCAUGGUCUGGGACGUCCCUGUAGAGGAAUUCCCCCUCAGGUGUCCCCUCUUCGCCCAGCAACGCGUUCCCGAGGGGGGA",1,1,"TGTAG",1,1
"MCM5_chr22_35424407","CCACTGCAGCCCTCGAACTTCCCAGGCACCCTCCTTTCTGCCCCAGAGGAAGGAGCTGTAGTGTCCTGCTGCCTCTGGGCGCCCGCCTCTAGCGCGGTTCTGGGAAGTGTGCTTTTG","CCACUGCAGCCCUCGAACUUCCCAGGCACCCUCCUUUCUGCCCCAGAGGAAGGAGCUGUAGUGUCCUGCUGCCUCUGGGCGCCCGCCUCUAGCGCGGUUCUGGGAAGUGUGCUUUUG",1,1,"TGTAG",1,1
"CRELD1,PRRT3_chr3_9944596","CGCAGTGACCGTGTGCTGGAGGGCTTCATCAAGGGCAGATAATCGCGGCCACCACCTGTAGGACCTCCTCCCACCCACGCTGCCCCCAGAGCTTGGGCTGCCCTCCTGCTGGACACT","CGCAGUGACCGUGUGCUGGAGGGCUUCAUCAAGGGCAGAUAAUCGCGGCCACCACCUGUAGGACCUCCUCCCACCCACGCUGCCCCCAGAGCUUGGGCUGCCCUCCUGCUGGACACU",1,1,"TGTAG",1,1
"TGFBR2_chr3_30612922","CTTCCTCACCCATTACATCAGGAGTACTTCTGCCTTTTACTTGCCACAGTCAGCTTTCTAGGTCTTAGCACCCAACAAGTAGCAACTATCCTCTTGGGTGTAGTCAGTTTAGTCTAC","CUUCCUCACCCAUUACAUCAGGAGUACUUCUGCCUUUUACUUGCCACAGUCAGCUUUCUAGGUCUUAGCACCCAACAAGUAGCAACUAUCCUCUUGGGUGUAGUCAGUUUAGUCUAC",1,1,"TCTAG",1,0
"ACVR2B_chr3_38493029","AGTTGGGGTTTTGCTGCTTGAACTCTGCACTGGGTCCTCAAATAAACCGATGTGAATGTAGTTTTTTCCCCCTGTGTGAAGAAGCAGTTACACCCCAACAATAGGAGGAAAAATCTA","AGUUGGGGUUUUGCUGCUUGAACUCUGCACUGGGUCCUCAAAUAAACCGAUGUGAAUGUAGUUUUUUCCCCCUGUGUGAAGAAGCAGUUACACCCCAACAAUAGGAGGAAAAAUCUA",1,1,"TGTAG",1,1
"RPL14_chr3_40457969","GTTGGCCGGGTGGCCTATGTCTCCTTTGGACCTCATGCCGGAAAATTGGTCGCGATTGTAGATGTTATTGATCAGAACAGGGTAAGTGTCACAACTTTTTACTAAACATGGCAGTGG","GUUGGCCGGGUGGCCUAUGUCUCCUUUGGACCUCAUGCCGGAAAAUUGGUCGCGAUUGUAGAUGUUAUUGAUCAGAACAGGGUAAGUGUCACAACUUUUUACUAAACAUGGCAGUGG",1,1,"TGTAG",1,1
"TXNRD3_chr3_126642127","ACAAAGAAGCATTAAAACTTATTTTCTTCCTCAGGTCTTGGTGGCACTTGTGTAAATGTAGGTTGTATTCCTAAGAAATTGATGCATCAGGCTGCCCTTTTGGGGCAGGCATTATGT","ACAAAGAAGCAUUAAAACUUAUUUUCUUCCUCAGGUCUUGGUGGCACUUGUGUAAAUGUAGGUUGUAUUCCUAAGAAAUUGAUGCAUCAGGCUGCCCUUUUGGGGCAGGCAUUAUGU",1,1,"TGTAG",1,1
"TF_chr3_133754005","AAACACAGCAGGCTGTGTGCAGCTTGACCTGAAGGCTACTGCGGTCTACTGATATGTCTAGGGTCCCTGGAGGCCTCTGGAGCCATAGGTACCACTCACACAGGAGGGGTCACTCTG","AAACACAGCAGGCUGUGUGCAGCUUGACCUGAAGGCUACUGCGGUCUACUGAUAUGUCUAGGGUCCCUGGAGGCCUCUGGAGCCAUAGGUACCACUCACACAGGAGGGGUCACUCUG",1,1,"TCTAG",1,0
"FNDC3B_chr3_172214085","GGTGCCTCTCAAACAATAACTTTGTCAGTTCATTTTTATGGCTGAGAAAATAGCAGTCTAGGTGACCAACTTTCCCACAATTGCTTGGGGGTGTTTACTGACTGCCCTTGATCAGAC","GGUGCCUCUCAAACAAUAACUUUGUCAGUUCAUUUUUAUGGCUGAGAAAAUAGCAGUCUAGGUGACCAACUUUCCCACAAUUGCUUGGGGGUGUUUACUGACUGCCCUUGAUCAGAC",1,1,"TCTAG",1,0
"EIF4A2_chr3_186785283","GCATGCAGGGAGTTTTTGTTGAAAGTTTTAAAAGAACTGGGTATGCAGGTATGGTTTGTAGGGTTGTATACTAATAGATTGAGAATCCGAAGCGCTCTCTTGGATGTACTAGATCTG","GCAUGCAGGGAGUUUUUGUUGAAAGUUUUAAAAGAACUGGGUAUGCAGGUAUGGUUUGUAGGGUUGUAUACUAAUAGAUUGAGAAUCCGAAGCGCUCUCUUGGAUGUACUAGAUCUG",1,1,"TGTAG",1,1
"TMEM33_chr4_41959134","AGCCTATATGATATTATAGCTCAACATTTAGTATACCAAAGGCATACCCGTGTAAATCTAGGAGTTATTTCCAGAGATTGTTTTAAGGAGCAGTCTTATATTCAGGGTAGAAAGTTA","AGCCUAUAUGAUAUUAUAGCUCAACAUUUAGUAUACCAAAGGCAUACCCGUGUAAAUCUAGGAGUUAUUUCCAGAGAUUGUUUUAAGGAGCAGUCUUAUAUUCAGGGUAGAAAGUUA",1,1,"TCTAG",1,0
"PGRMC2_chr4_128270304","CTGTTTTCAAAAAAATTGAAAAACAAATCAACTCTTATCCCCAACAGCTGCCTAATTTTAGGAGTCTGACCCTCCACATCTCACTGGTGTGGGTGCATGGGGCTGTGGAGTGGGTGT","CUGUUUUCAAAAAAAUUGAAAAACAAAUCAACUCUUAUCCCCAACAGCUGCCUAAUUUUAGGAGUCUGACCCUCCACAUCUCACUGGUGUGGGUGCAUGGGGCUGUGGAGUGGGUGU",1,1,"TTTAG",1,0
"SETD7_chr4_139508484","CATCTTTTCTGTGATGAAATATTATCTTGTGTTAGAGTTAGGAATAGGAACTAACCTGTAGGAGCATGTCCCCAAATGGACATTTGAATGGACTAACAAAAACAACTGGAAAGACTG","CAUCUUUUCUGUGAUGAAAUAUUAUCUUGUGUUAGAGUUAGGAAUAGGAACUAACCUGUAGGAGCAUGUCCCCAAAUGGACAUUUGAAUGGACUAACAAAAACAACUGGAAAGACUG",1,1,"TGTAG",1,1
"ELL2_chr5_95939279","AGAACGCACAGTCTTAACAAACACATACAGACTAATACTTAGAAAATAATTCATAATGTAGGATTCATCCAGAACCCTCCACTCAGAACTTCTATGGAAATGGGGGACTATCAGGAA","AGAACGCACAGUCUUAACAAACACAUACAGACUAAUACUUAGAAAAUAAUUCAUAAUGUAGGAUUCAUCCAGAACCCUCCACUCAGAACUUCUAUGGAAAUGGGGGACUAUCAGGAA",1,1,"TGTAG",1,1
"TMEM14B_chr6_10759464","ATGGTGTACCAAGAAATATCCTCATGGAAATCCCCGTGAACATGTGCAAAGGAATCTGTAGGTTACATTCCTAAATGCTGAGTCAGAGCATCTCAGCATTTAAAATTGTGATTGCCT","AUGGUGUACCAAGAAAUAUCCUCAUGGAAAUCCCCGUGAACAUGUGCAAAGGAAUCUGUAGGUUACAUUCCUAAAUGCUGAGUCAGAGCAUCUCAGCAUUUAAAAUUGUGAUUGCCU",1,1,"TGTAG",1,1
"ILRUN_chr6_34589459","CTGTTTCTCTTCAGTTGTCCTCTGATATTTTCACAGCCTGTTAGTGGCGGCTGATCTGTAGAGGTATGAAAATACAGCCCCAAAGGGGGAATTTGTCATGGGGAAGGGCCAGCCACT","CUGUUUCUCUUCAGUUGUCCUCUGAUAUUUUCACAGCCUGUUAGUGGCGGCUGAUCUGUAGAGGUAUGAAAAUACAGCCCCAAAGGGGGAAUUUGUCAUGGGGAAGGGCCAGCCACU",1,1,"TGTAG",1,1
"7SK,RN7SK_chr6_52995869","ATACGAGTAGCTGCGCTCCCCTGCTAGAACCTCCAAACAAGCTCTCAAGGTCCATTTGTAGGAGAACGTAGGGTAGTCAAGCTTCCAAGACTCCAGACACATCCAAATGAGGCGCTG","AUACGAGUAGCUGCGCUCCCCUGCUAGAACCUCCAAACAAGCUCUCAAGGUCCAUUUGUAGGAGAACGUAGGGUAGUCAAGCUUCCAAGACUCCAGACACAUCCAAAUGAGGCGCUG",1,1,"TGTAG",1,1
"FSCN1_chr7_5606283","ATCAGTATTTTTTTTAATGAAATATTATTGCTGGAGGCGTCCCAGGCAAGCCTGGCTGTAGTAGCGAGTGATCTGGCGGGGGGCGTCTCAGCACCCTCCCCAGGGGGTGCATCTCAG","AUCAGUAUUUUUUUUAAUGAAAUAUUAUUGCUGGAGGCGUCCCAGGCAAGCCUGGCUGUAGUAGCGAGUGAUCUGGCGGGGGGCGUCUCAGCACCCUCCCCAGGGGGUGCAUCUCAG",1,1,"TGTAG",1,1
"PMS2_chr7_5971345","GGGCATTAGATTCTCATAGCAGCACGAGCCCTATTGTGAACTGCACACACGAGGGATGTAGGTTGCACGCTCCTTATGAGAATCTGATGCCTGATGATCTGTCACTGTCTCCCGTCA","GGGCAUUAGAUUCUCAUAGCAGCACGAGCCCUAUUGUGAACUGCACACACGAGGGAUGUAGGUUGCACGCUCCUUAUGAGAAUCUGAUGCCUGAUGAUCUGUCACUGUCUCCCGUCA",1,1,"TGTAG",1,1
"PSPH_chr7_56051175","GGCTCTGGATGCTGCTGAGGCCCGAGGCCCCTATGGCAGATTTGAAAATTCACCCTTGTAGAGTCATTCCTGCCTTTGAGCGGACTCCCTTTTAAGGTAAATTTCCAAAGAGCTCCA","GGCUCUGGAUGCUGCUGAGGCCCGAGGCCCCUAUGGCAGAUUUGAAAAUUCACCCUUGUAGAGUCAUUCCUGCCUUUGAGCGGACUCCCUUUUAAGGUAAAUUUCCAAAGAGCUCCA",1,1,"TGTAG",1,1
"RHBDD2_chr7_75888787","CCATGTGTCTGCCCTTCAGGAGCTCGCAGCTGGTGTGCTTGGCGGTCCCAGGCCTGTGTAGTGTCTCTCCCCTGCTGCGGGCGCCCCCACCCCGATTCCTCTCCCCAGAAGCGGTGG","CCAUGUGUCUGCCCUUCAGGAGCUCGCAGCUGGUGUGCUUGGCGGUCCCAGGCCUGUGUAGUGUCUCUCCCCUGCUGCGGGCGCCCCCACCCCGAUUCCUCUCCCCAGAAGCGGUGG",1,1,"TGTAG",1,1
"FIS1_chr7_101245032","CCGGAAGTGGTTCTCCGCCCCTGCCACTGGGCCATGGAGACTGTGGCACAGTAGACTGTAGTGTGAGGCTCGCGGGGGCAGTGGCCATGGAGGCCGTGCTGAACGAGCTGGTGTCTG","CCGGAAGUGGUUCUCCGCCCCUGCCACUGGGCCAUGGAGACUGUGGCACAGUAGACUGUAGUGUGAGGCUCGCGGGGGCAGUGGCCAUGGAGGCCGUGCUGAACGAGCUGGUGUCUG",1,1,"TGTAG",1,1
"INTS10_chr8_19851849","CAGACTCTGACCTGAGTGGAGACCTTTCCACCAGACACAGCTCGGGCCTGTGTAATTGTAGGAGAAGACACTCAGCAGTGATTGCCATGGCACAGAGCCGTGGTCATTGTTGCTGTT","CAGACUCUGACCUGAGUGGAGACCUUUCCACCAGACACAGCUCGGGCCUGUGUAAUUGUAGGAGAAGACACUCAGCAGUGAUUGCCAUGGCACAGAGCCGUGGUCAUUGUUGCUGUU",1,1,"TGTAG",1,1
"DECR1_chr8_90044931","ACTGGAACATTTGAGAAAGAAATGATTGGCAGAATTCCCTGTGGTCGCCTGGGGACTGTAGAAGAACTCGCAAATCTTGCTGCTTTCCTTTGTAGTGATTATGCTTCTTGGATTAAT","ACUGGAACAUUUGAGAAAGAAAUGAUUGGCAGAAUUCCCUGUGGUCGCCUGGGGACUGUAGAAGAACUCGCAAAUCUUGCUGCUUUCCUUUGUAGUGAUUAUGCUUCUUGGAUUAAU",1,1,"TGTAG",1,1
"MSN_chrX_65740648","GGGCATTGGCCATTCTATTGTGGCAAGGCTGAGTAGAAGATCCTACCCCAATTCCTTGTAGGAGTATAGGCCGGTCTAAAGTGAGCTCTATGGGCAGATCTACCCCTTACTTATTAT","GGGCAUUGGCCAUUCUAUUGUGGCAAGGCUGAGUAGAAGAUCCUACCCCAAUUCCUUGUAGGAGUAUAGGCCGGUCUAAAGUGAGCUCUAUGGGCAGAUCUACCCCUUACUUAUUAU",1,1,"TGTAG",1,1
"MSN_chrX_65740878","TTGTGAAAAGAGAGGATATGTTCACACCTAGCGTCAGTATTTTCCCTGCTAGGGGTTTTAGGTCTCTTCCCCTCTCAGAGCTACTTGGGCCATAGCTCCTGCTCCACAGCCATCCCA","UUGUGAAAAGAGAGGAUAUGUUCACACCUAGCGUCAGUAUUUUCCCUGCUAGGGGUUUUAGGUCUCUUCCCCUCUCAGAGCUACUUGGGCCAUAGCUCCUGCUCCACAGCCAUCCCA",1,1,"TTTAG",1,0
"KIF4A_chrX_70301974","AGAAGACTGTTTTGGTTGCCTTGGATACTGTTTCCTGTTTGGAACAGGGCAACAACTCTAGGACTGTGGCCTCCACGGCTATGAACTCCCAGTCGTCCCGATCTCATGCCATCTTTA","AGAAGACUGUUUUGGUUGCCUUGGAUACUGUUUCCUGUUUGGAACAGGGCAACAACUCUAGGACUGUGGCCUCCACGGCUAUGAACUCCCAGUCGUCCCGAUCUCAUGCCAUCUUUA",1,1,"TCTAG",1,0
"PGRMC1_chrX_119243975","AAAGCTTTGGAAAAAAAGAGCTGGCTGGCCTAAAAACCTAAATATATGATGAAGATTGTAGGACTGTCTTCCCAAGCCCCATGTTCATGGTGGGGCAATGGTTATTTGGTTATTTTA","AAAGCUUUGGAAAAAAAGAGCUGGCUGGCCUAAAAACCUAAAUAUAUGAUGAAGAUUGUAGGACUGUCUUCCCAAGCCCCAUGUUCAUGGUGGGGCAAUGGUUAUUUGGUUAUUUUA",1,1,"TGTAG",1,1
"GPC3_chrX_133900422","TCCTCAGGGACCATAGCTATTCAGTCTGGATGAGCTCTGACTCTTAAGAAAAAGTGTGTAGAGTTGCTGCTATGTTCTTGCTACCACCACTTGATGGTACTTCTTTATTGAAAACCC","UCCUCAGGGACCAUAGCUAUUCAGUCUGGAUGAGCUCUGACUCUUAAGAAAAAGUGUGUAGAGUUGCUGCUAUGUUCUUGCUACCACCACUUGAUGGUACUUCUUUAUUGAAAACCC",1,1,"TGTAG",1,1
"GPC3_chrX_133939500","TAGTTAGCCATACCACACAGGGCCTCTCTTTCTTGGCCTAGTTAAAATGTAGCCACTGTAGTGTTAGAGGAACATGTGGGTCTGTCATTTCCTTGCTCATGAAGTCTTCTTAGAGTA","UAGUUAGCCAUACCACACAGGGCCUCUCUUUCUUGGCCUAGUUAAAAUGUAGCCACUGUAGUGUUAGAGGAACAUGUGGGUCUGUCAUUUCCUUGCUCAUGAAGUCUUCUUAGAGUA",1,1,"TGTAG",1,1
"FMR1_chrX_147925593","TACAGCTGGCAGCCTGATAGGCAGATTCCATTTCATGATGTCAGATTCCCACCTCCTGTAGGTTATAATAAAGATATAAATGAAAGTGATGAAGTTGAGGTGAGTTTTCCCTGCCAT","UACAGCUGGCAGCCUGAUAGGCAGAUUCCAUUUCAUGAUGUCAGAUUCCCACCUCCUGUAGGUUAUAAUAAAGAUAUAAAUGAAAGUGAUGAAGUUGAGGUGAGUUUUCCCUGCCAU",1,1,"TGTAG",1,1
